"Data Source","World Development Indicators",

"Last Updated Date","2016-04-11",

"Country Name","Country Code","Indicator Name","Indicator Code","1960","1961","1962","1963","1964","1965","1966","1967","1968","1969","1970","1971","1972","1973","1974","1975","1976","1977","1978","1979","1980","1981","1982","1983","1984","1985","1986","1987","1988","1989","1990","1991","1992","1993","1994","1995","1996","1997","1998","1999","2000","2001","2002","2003","2004","2005","2006","2007","2008","2009","2010","2011","2012","2013","2014","2015",
"Aruba","ABW","Poverty headcount ratio at national poverty lines (% of population)","SI.POV.NAHC","","","","","","","","","","","","","","","","","","","","","","","","","","","","","","","","","","","","","","","","","","","","","","","","","","","","","","","","",
"Andorra","AND","Poverty headcount ratio at national poverty lines (% of population)","SI.POV.NAHC","","","","","","","","","","","","","","","","","","","","","","","","","","","","","","","","","","","","","","","","","","","","","","","","","","","","","","","","",
"Afghanistan","AFG","Poverty headcount ratio at national poverty lines (% of population)","SI.POV.NAHC","","","","","","","","","","","","","","","","","","","","","","","","","","","","","","","","","","","","","","","","","","","","","","","","36.3","","","","35.8","","","","",
"Angola","AGO","Poverty headcount ratio at national poverty lines (% of population)","SI.POV.NAHC","","","","","","","","","","","","","","","","","","","","","","","","","","","","","","","","","","","","","","","","","","","","","","","","","36.6","","","","","","","",
"Albania","ALB","Poverty headcount ratio at national poverty lines (% of population)","SI.POV.NAHC","","","","","","","","","","","","","","","","","","","","","","","","","","","","","","","","","","","","","","","","","","","25.4","","","18.5","","","12.4","","","","14.3","","","",
"Arab World","ARB","Poverty headcount ratio at national poverty lines (% of population)","SI.POV.NAHC","","","","","","","","","","","","","","","","","","","","","","","","","","","","","","","","","","","","","","","","","","","","","","","","","","","","","","","","",
"United Arab Emirates","ARE","Poverty headcount ratio at national poverty lines (% of population)","SI.POV.NAHC","","","","","","","","","","","","","","","","","","","","","","","","","","","","","","","","","","","","","","","","","","","","","","","","","","","","","","","","",
"Argentina","ARG","Poverty headcount ratio at national poverty lines (% of population)","SI.POV.NAHC","","","","","","","","","","","","","","","","","","","","","","","","","","","","","","","","","","","","","","","","","","","","","","","","","","","","","","","","",
"Armenia","ARM","Poverty headcount ratio at national poverty lines (% of population)","SI.POV.NAHC","","","","","","","","","","","","","","","","","","","","","","","","","","","","","","","","","","","","","","","","","","48.3","","","","","","","27.6","34.1","35.8","35","32.4","32","30","",
"American Samoa","ASM","Poverty headcount ratio at national poverty lines (% of population)","SI.POV.NAHC","","","","","","","","","","","","","","","","","","","","","","","","","","","","","","","","","","","","","","","","","","","","","","","","","","","","","","","","",
"Antigua and Barbuda","ATG","Poverty headcount ratio at national poverty lines (% of population)","SI.POV.NAHC","","","","","","","","","","","","","","","","","","","","","","","","","","","","","","","","","","","","","","","","","","","","","","","","","","","","","","","","",
"Australia","AUS","Poverty headcount ratio at national poverty lines (% of population)","SI.POV.NAHC","","","","","","","","","","","","","","","","","","","","","","","","","","","","","","","","","","","","","","","","","","","","","","","","","","","","","","","","",
"Austria","AUT","Poverty headcount ratio at national poverty lines (% of population)","SI.POV.NAHC","","","","","","","","","","","","","","","","","","","","","","","","","","","","","","","","","","","","","","","","","","","","","","","","","","","","","","","","",
"Azerbaijan","AZE","Poverty headcount ratio at national poverty lines (% of population)","SI.POV.NAHC","","","","","","","","","","","","","","","","","","","","","","","","","","","","","","","","","","","","","","","","","","49.6","","","","","","15.8","13.2","10.9","9.1","7.6","6","","","",
"Burundi","BDI","Poverty headcount ratio at national poverty lines (% of population)","SI.POV.NAHC","","","","","","","","","","","","","","","","","","","","","","","","","","","","","","","","","","","","","","","","","","","","","","","66.9","","","","","","","","","",
"Belgium","BEL","Poverty headcount ratio at national poverty lines (% of population)","SI.POV.NAHC","","","","","","","","","","","","","","","","","","","","","","","","","","","","","","","","","","","","","","","","","","","","","","","","","","","","","","","","",
"Benin","BEN","Poverty headcount ratio at national poverty lines (% of population)","SI.POV.NAHC","","","","","","","","","","","","","","","","","","","","","","","","","","","","","","","","","","","","","","","","","","","","","","","37.2","33.3","","35.2","","36.2","","","","",
"Burkina Faso","BFA","Poverty headcount ratio at national poverty lines (% of population)","SI.POV.NAHC","","","","","","","","","","","","","","","","","","","","","","","","","","","","","","","","","","","","","","","","","","","","51.1","","","","","","46.7","","","","","","",
"Bangladesh","BGD","Poverty headcount ratio at national poverty lines (% of population)","SI.POV.NAHC","","","","","","","","","","","","","","","","","","","","","","","","","","","","","","","","","","","","","","","","","48.9","","","","","40","","","","","31.5","","","","","",
"Bulgaria","BGR","Poverty headcount ratio at national poverty lines (% of population)","SI.POV.NAHC","","","","","","","","","","","","","","","","","","","","","","","","","","","","","","","","","","","","","","","","","","","","","","18.4","22","21.4","21.8","20.7","22.2","21.2","21","21.8","22","",
"Bahrain","BHR","Poverty headcount ratio at national poverty lines (% of population)","SI.POV.NAHC","","","","","","","","","","","","","","","","","","","","","","","","","","","","","","","","","","","","","","","","","","","","","","","","","","","","","","","","",
"Bahamas, The","BHS","Poverty headcount ratio at national poverty lines (% of population)","SI.POV.NAHC","","","","","","","","","","","","","","","","","","","","","","","","","","","","","","","","","","","","","","","","","","","","","","","","","","","","","","","","",
"Bosnia and Herzegovina","BIH","Poverty headcount ratio at national poverty lines (% of population)","SI.POV.NAHC","","","","","","","","","","","","","","","","","","","","","","","","","","","","","","","","","","","","","","","","","","","","","","","","18.2","","","","17.9","","","","",
"Belarus","BLR","Poverty headcount ratio at national poverty lines (% of population)","SI.POV.NAHC","","","","","","","","","","","","","","","","","","","","","","","","","","","","","","","","","","","","","","","","","41.9","28.9","30.5","27.1","17.8","12.7","11.1","7.7","6.1","5.4","5.2","7.3","6.3","5.5","4.8","5.1",
"Belize","BLZ","Poverty headcount ratio at national poverty lines (% of population)","SI.POV.NAHC","","","","","","","","","","","","","","","","","","","","","","","","","","","","","","","","","","","","","","","","","","","","","","","","","","","","","","","","",
"Bermuda","BMU","Poverty headcount ratio at national poverty lines (% of population)","SI.POV.NAHC","","","","","","","","","","","","","","","","","","","","","","","","","","","","","","","","","","","","","","","","","","","","","","","","","","","","","","","","",
"Bolivia","BOL","Poverty headcount ratio at national poverty lines (% of population)","SI.POV.NAHC","","","","","","","","","","","","","","","","","","","","","","","","","","","","","","","","","","","","","","","","63.5","66.4","63.1","63.3","","63.1","60.6","59.9","60.1","57.3","51.3","","45","43.44","39.06","39.3","",
"Brazil","BRA","Poverty headcount ratio at national poverty lines (% of population)","SI.POV.NAHC","","","","","","","","","","","","","","","","","","","","","","","","","","","","","","","","","","","","","","","","","","24.7","23.3","24.9","22.4","21","17.3","16.1","14.1","13.3","","11.1","9","8.9","7.4","",
"Barbados","BRB","Poverty headcount ratio at national poverty lines (% of population)","SI.POV.NAHC","","","","","","","","","","","","","","","","","","","","","","","","","","","","","","","","","","","","","","","","","","","","","","","","","","","","","","","","",
"Brunei Darussalam","BRN","Poverty headcount ratio at national poverty lines (% of population)","SI.POV.NAHC","","","","","","","","","","","","","","","","","","","","","","","","","","","","","","","","","","","","","","","","","","","","","","","","","","","","","","","","",
"Bhutan","BTN","Poverty headcount ratio at national poverty lines (% of population)","SI.POV.NAHC","","","","","","","","","","","","","","","","","","","","","","","","","","","","","","","","","","","","","","","","","","","","","","","","23.2","","","","","12","","","",
"Botswana","BWA","Poverty headcount ratio at national poverty lines (% of population)","SI.POV.NAHC","","","","","","","","","","","","","","","","","","","","","","","","","","59","","","","","","","","32.9","","","","","","","","","30.6","","","","","","","19.3","","","","","","",
"Central African Republic","CAF","Poverty headcount ratio at national poverty lines (% of population)","SI.POV.NAHC","","","","","","","","","","","","","","","","","","","","","","","","","","","","","","","","","","","","","","","","","","","","","","","","","62","","","","","","","",
"Canada","CAN","Poverty headcount ratio at national poverty lines (% of population)","SI.POV.NAHC","","","","","","","","","","","","","","","","","","","","","","","","","","","","","","","","","","","","","","","","","","","","","","","","","","","","","","","","",
"Central Europe and the Baltics","CEB","Poverty headcount ratio at national poverty lines (% of population)","SI.POV.NAHC","","","","","","","","","","","","","","","","","","","","","","","","","","","","","","","","","","","","","","","","","","","","","","","","","","","","","","","","",
"Switzerland","CHE","Poverty headcount ratio at national poverty lines (% of population)","SI.POV.NAHC","","","","","","","","","","","","","","","","","","","","","","","","","","","","","","","","","","","","","","","","","","","","","","","","","","","","","","","","",
"Channel Islands","CHI","Poverty headcount ratio at national poverty lines (% of population)","SI.POV.NAHC","","","","","","","","","","","","","","","","","","","","","","","","","","","","","","","","","","","","","","","","","","","","","","","","","","","","","","","","",
"Chile","CHL","Poverty headcount ratio at national poverty lines (% of population)","SI.POV.NAHC","","","","","","","","","","","","","","","","","","","","","","","","","","","","","","","","","","","","","","","","","","","","","","","29.1","","","25.3","","22.2","","14.4","","",
"China","CHN","Poverty headcount ratio at national poverty lines (% of population)","SI.POV.NAHC","","","","","","","","","","","","","","","","","","","","","","","","","","","","","","","","","","","","","","","","","","","","","","","","","","","","","","","","",
"Cote d'Ivoire","CIV","Poverty headcount ratio at national poverty lines (% of population)","SI.POV.NAHC","","","","","","","","","","","","","","","","","","","","","","","","","","","","","","","","","","","","","","","","","","","","","","","","","","","","","","","","46.3",
"Cameroon","CMR","Poverty headcount ratio at national poverty lines (% of population)","SI.POV.NAHC","","","","","","","","","","","","","","","","","","","","","","","","","","","","","","","","","","","","","53.3","","","","","40.2","","","","","","39.9","","","","","","","","",
"Congo, Rep.","COG","Poverty headcount ratio at national poverty lines (% of population)","SI.POV.NAHC","","","","","","","","","","","","","","","","","","","","","","","","","","","","","","","","","","","","","","","","","","","","","50.7","","","","","","","46.5","","","","",
"Colombia","COL","Poverty headcount ratio at national poverty lines (% of population)","SI.POV.NAHC","","","","","","","","","","","","","","","","","","","","","","","","","","","","","","","","","","","","","","","","","","","49.7","48","47.4","45","","","42","40.3","37.2","34.1","32.7","30.6","28.5","27.8",
"Comoros","COM","Poverty headcount ratio at national poverty lines (% of population)","SI.POV.NAHC","","","","","","","","","","","","","","","","","","","","","","","","","","","","","","","","","","","","","","","","","","","","","44.8","","","","","","","","","","","",
"Cabo Verde","CPV","Poverty headcount ratio at national poverty lines (% of population)","SI.POV.NAHC","","","","","","","","","","","","","","","","","","","","","","","","","","","","","","","","","","","","","","","","","","","","","","","","26.6","","","","","","","","",
"Costa Rica","CRI","Poverty headcount ratio at national poverty lines (% of population)","SI.POV.NAHC","","","","","","","","","","","","","","","","","","","","","","","","","","","","","","","","","","","","","","","","","","","","","","","","","","","21.2","21.7","20.6","20.7","22.4","21.7",
"Caribbean small states","CSS","Poverty headcount ratio at national poverty lines (% of population)","SI.POV.NAHC","","","","","","","","","","","","","","","","","","","","","","","","","","","","","","","","","","","","","","","","","","","","","","","","","","","","","","","","",
"Cuba","CUB","Poverty headcount ratio at national poverty lines (% of population)","SI.POV.NAHC","","","","","","","","","","","","","","","","","","","","","","","","","","","","","","","","","","","","","","","","","","","","","","","","","","","","","","","","",
"Curacao","CUW","Poverty headcount ratio at national poverty lines (% of population)","SI.POV.NAHC","","","","","","","","","","","","","","","","","","","","","","","","","","","","","","","","","","","","","","","","","","","","","","","","","","","","","","","","",
"Cayman Islands","CYM","Poverty headcount ratio at national poverty lines (% of population)","SI.POV.NAHC","","","","","","","","","","","","","","","","","","","","","","","","","","","","","","","","","","","","","","","","","","","","","","","","","","","","","","","","",
"Cyprus","CYP","Poverty headcount ratio at national poverty lines (% of population)","SI.POV.NAHC","","","","","","","","","","","","","","","","","","","","","","","","","","","","","","","","","","","","","","","","","","","","","","","","","","","","","","","","",
"Czech Republic","CZE","Poverty headcount ratio at national poverty lines (% of population)","SI.POV.NAHC","","","","","","","","","","","","","","","","","","","","","","","","","","","","","","","","","","","","","","","","","","","","","10.4","9.9","9.6","9","8.6","9","9.8","9.6","8.6","9.7","","",
"Germany","DEU","Poverty headcount ratio at national poverty lines (% of population)","SI.POV.NAHC","","","","","","","","","","","","","","","","","","","","","","","","","","","","","","","","","","","","","","","","","","","","","","","","","","","","","","","","",
"Djibouti","DJI","Poverty headcount ratio at national poverty lines (% of population)","SI.POV.NAHC","","","","","","","","","","","","","","","","","","","","","","","","","","","","","","","","","","","","","","","","","","","","","","","","","","","","","","","","",
"Dominica","DMA","Poverty headcount ratio at national poverty lines (% of population)","SI.POV.NAHC","","","","","","","","","","","","","","","","","","","","","","","","","","","","","","","","","","","","","","","","","","","","","","","","","","","","","","","","",
"Denmark","DNK","Poverty headcount ratio at national poverty lines (% of population)","SI.POV.NAHC","","","","","","","","","","","","","","","","","","","","","","","","","","","","","","","","","","","","","","","","","","","","","","","","","","","","","","","","",
"Dominican Republic","DOM","Poverty headcount ratio at national poverty lines (% of population)","SI.POV.NAHC","","","","","","","","","","","","","","","","","","","","","","","","","","","","","","","","","","","","","","","","","32","32.8","32.7","41.5","50","47.9","44.2","43.6","44.2","42.1","41.6","40.4","40.9","41.1","","",
"Algeria","DZA","Poverty headcount ratio at national poverty lines (% of population)","SI.POV.NAHC","","","","","","","","","","","","","","","","","","","","","","","","","","","","","","","","","","","","","","","","","","","","","","","","","","","","","","","","",
"East Asia & Pacific (developing only)","EAP","Poverty headcount ratio at national poverty lines (% of population)","SI.POV.NAHC","","","","","","","","","","","","","","","","","","","","","","","","","","","","","","","","","","","","","","","","","","","","","","","","","","","","","","","","",
"East Asia & Pacific (all income levels)","EAS","Poverty headcount ratio at national poverty lines (% of population)","SI.POV.NAHC","","","","","","","","","","","","","","","","","","","","","","","","","","","","","","","","","","","","","","","","","","","","","","","","","","","","","","","","",
"Europe & Central Asia (developing only)","ECA","Poverty headcount ratio at national poverty lines (% of population)","SI.POV.NAHC","","","","","","","","","","","","","","","","","","","","","","","","","","","","","","","","","","","","","","","","","","","","","","","","","","","","","","","","",
"Europe & Central Asia (all income levels)","ECS","Poverty headcount ratio at national poverty lines (% of population)","SI.POV.NAHC","","","","","","","","","","","","","","","","","","","","","","","","","","","","","","","","","","","","","","","","","","","","","","","","","","","","","","","","",
"Ecuador","ECU","Poverty headcount ratio at national poverty lines (% of population)","SI.POV.NAHC","","","","","","","","","","","","","","","","","","","","","","","","","","","","","","","","","","","","","","","","","64.4","54.9","","49.9","44.6","42.2","37.6","36.7","35.1","36","32.8","28.6","27.3","25.6","22.5","",
"Egypt, Arab Rep.","EGY","Poverty headcount ratio at national poverty lines (% of population)","SI.POV.NAHC","","","","","","","","","","","","","","","","","","","","","","","","","","","","","","","","","","","","","","","","16.7","","","","","19.6","","","","21.6","","25.2","","","","","",
"Euro area","EMU","Poverty headcount ratio at national poverty lines (% of population)","SI.POV.NAHC","","","","","","","","","","","","","","","","","","","","","","","","","","","","","","","","","","","","","","","","","","","","","","","","","","","","","","","","",
"Eritrea","ERI","Poverty headcount ratio at national poverty lines (% of population)","SI.POV.NAHC","","","","","","","","","","","","","","","","","","","","","","","","","","","","","","","","","","69","","","","","","","","","","","","","","","","","","","","","","",
"Spain","ESP","Poverty headcount ratio at national poverty lines (% of population)","SI.POV.NAHC","","","","","","","","","","","","","","","","","","","","","","","","","","","","","","","","","","","","","","","","","","","","","","","","","","","","","","","","",
"Estonia","EST","Poverty headcount ratio at national poverty lines (% of population)","SI.POV.NAHC","","","","","","","","","","","","","","","","","","","","","","","","","","","","","","","","","","","","","","","","","","","","","","","","","","","","","","21.8","","",
"Ethiopia","ETH","Poverty headcount ratio at national poverty lines (% of population)","SI.POV.NAHC","","","","","","","","","","","","","","","","","","","","","","","","","","","","","","","","","","","","45.5","","","","44.2","","","","","38.9","","","","","","29.6","","","","","",
"European Union","EUU","Poverty headcount ratio at national poverty lines (% of population)","SI.POV.NAHC","","","","","","","","","","","","","","","","","","","","","","","","","","","","","","","","","","","","","","","","","","","","","","","","","","","","","","","","",
"Fragile and conflict affected situations","FCS","Poverty headcount ratio at national poverty lines (% of population)","SI.POV.NAHC","","","","","","","","","","","","","","","","","","","","","","","","","","","","","","","","","","","","","","","","","","","","","","","","","","","","","","","","",
"Finland","FIN","Poverty headcount ratio at national poverty lines (% of population)","SI.POV.NAHC","","","","","","","","","","","","","","","","","","","","","","","","","","","","","","","","","","","","","","","","","","","","","","","","","","","","","","","","",
"Fiji","FJI","Poverty headcount ratio at national poverty lines (% of population)","SI.POV.NAHC","","","","","","","","","","","","","","","","","","","","","","","","","","","","","","","","","","","","","","","","","","","39.8","","","","","","35.2","","","","","","","",
"France","FRA","Poverty headcount ratio at national poverty lines (% of population)","SI.POV.NAHC","","","","","","","","","","","","","","","","","","","","","","","","","","","","","","","","","","","","","","","","","","","","","","","","","","","","","","","","",
"Faroe Islands","FRO","Poverty headcount ratio at national poverty lines (% of population)","SI.POV.NAHC","","","","","","","","","","","","","","","","","","","","","","","","","","","","","","","","","","","","","","","","","","","","","","","","","","","","","","","","",
"Micronesia, Fed. Sts.","FSM","Poverty headcount ratio at national poverty lines (% of population)","SI.POV.NAHC","","","","","","","","","","","","","","","","","","","","","","","","","","","","","","","","","","","","","","","","","","","","","","29.9","","","","","","","","","","",
"Gabon","GAB","Poverty headcount ratio at national poverty lines (% of population)","SI.POV.NAHC","","","","","","","","","","","","","","","","","","","","","","","","","","","","","","","","","","","","","","","","","","","","","","32.7","","","","","","","","","","",
"United Kingdom","GBR","Poverty headcount ratio at national poverty lines (% of population)","SI.POV.NAHC","","","","","","","","","","","","","","","","","","","","","","","","","","","","","","","","","","","","","","","","","","","","","","","","","","","","","","","","",
"Georgia","GEO","Poverty headcount ratio at national poverty lines (% of population)","SI.POV.NAHC","","","","","","","","","","","","","","","","","","","","","","","","","","","","","","","","","","","","","","","","","","","","","","","","20.1","17.7","17.4","21","17.7","14.8","","","",
"Ghana","GHA","Poverty headcount ratio at national poverty lines (% of population)","SI.POV.NAHC","","","","","","","","","","","","","","","","","","","","","","","","","","","","","","","","","","","","","","","","","","","","","","31.9","","","","","","","24.2","","","",
"Guinea","GIN","Poverty headcount ratio at national poverty lines (% of population)","SI.POV.NAHC","","","","","","","","","","","","","","","","","","","","","","","","","","","","","","","","","","","62.6","","","","","","","","49.1","","","","","53","","","","","55.2","","","",
"Gambia, The","GMB","Poverty headcount ratio at national poverty lines (% of population)","SI.POV.NAHC","","","","","","","","","","","","","","","","","","","","","","","","","","","","","","","","","","","","","","","","","","","","","","","","","","","48.4","","","","","",
"Guinea-Bissau","GNB","Poverty headcount ratio at national poverty lines (% of population)","SI.POV.NAHC","","","","","","","","","","","","","","","","","","","","","","","","","","","","","","","","","","","","","","","","","","","64.7","","","","","","","","69.3","","","","","",
"Equatorial Guinea","GNQ","Poverty headcount ratio at national poverty lines (% of population)","SI.POV.NAHC","","","","","","","","","","","","","","","","","","","","","","","","","","","","","","","","","","","","","","","","","","","","","","","76.8","","","","","","","","","",
"Greece","GRC","Poverty headcount ratio at national poverty lines (% of population)","SI.POV.NAHC","","","","","","","","","","","","","","","","","","","","","","","","","","","","","","","","","","","","","","","","","","","","","","","","","","","","","","","","",
"Grenada","GRD","Poverty headcount ratio at national poverty lines (% of population)","SI.POV.NAHC","","","","","","","","","","","","","","","","","","","","","","","","","","","","","","","","","","","","","","","","","","","","","","","","","","","","","","","","",
"Greenland","GRL","Poverty headcount ratio at national poverty lines (% of population)","SI.POV.NAHC","","","","","","","","","","","","","","","","","","","","","","","","","","","","","","","","","","","","","","","","","","","","","","","","","","","","","","","","",
"Guatemala","GTM","Poverty headcount ratio at national poverty lines (% of population)","SI.POV.NAHC","","","","","","","","","","","","","","","","","","","","","","","","","","","","","","","","","","","","","","","","","56","","","","","","51","","","","","","","","59.29","",
"Guam","GUM","Poverty headcount ratio at national poverty lines (% of population)","SI.POV.NAHC","","","","","","","","","","","","","","","","","","","","","","","","","","","","","","","","","","","","","","","","","","","","","","","","","","","","","","","","",
"Guyana","GUY","Poverty headcount ratio at national poverty lines (% of population)","SI.POV.NAHC","","","","","","","","","","","","","","","","","","","","","","","","","","","","","","","","","","","","","","","","","","","","","","","","","","","","","","","","",
"High income","HIC","Poverty headcount ratio at national poverty lines (% of population)","SI.POV.NAHC","","","","","","","","","","","","","","","","","","","","","","","","","","","","","","","","","","","","","","","","","","","","","","","","","","","","","","","","",
"Hong Kong SAR, China","HKG","Poverty headcount ratio at national poverty lines (% of population)","SI.POV.NAHC","","","","","","","","","","","","","","","","","","","","","","","","","","","","","","","","","","","","","","","","","","","","","","","","","","","","","","","","",
"Honduras","HND","Poverty headcount ratio at national poverty lines (% of population)","SI.POV.NAHC","","","","","","","","","","","","","","","","","","","","","","","","","","","","","","","","","","","","","","","","","","63.7","64.8","65.3","64.6","63.7","59.9","58.2","59.2","58.8","60","61.9","66.5","64.5","62.8","",
"Heavily indebted poor countries (HIPC)","HPC","Poverty headcount ratio at national poverty lines (% of population)","SI.POV.NAHC","","","","","","","","","","","","","","","","","","","","","","","","","","","","","","","","","","","","","","","","","","","","","","","","","","","","","","","","",
"Croatia","HRV","Poverty headcount ratio at national poverty lines (% of population)","SI.POV.NAHC","","","","","","","","","","","","","","","","","","","","","","","","","","","","","","","","","","","","","","","","","","","","","","","","","","20.5","21.3","20.5","19.5","19.4","","",
"Haiti","HTI","Poverty headcount ratio at national poverty lines (% of population)","SI.POV.NAHC","","","","","","","","","","","","","","","","","","","","","","","","","","","","","","","","","","","","","","","","","","","","","","","","","","","","","58.5","","","",
"Hungary","HUN","Poverty headcount ratio at national poverty lines (% of population)","SI.POV.NAHC","","","","","","","","","","","","","","","","","","","","","","","","","","","","","","","","","","","","","","","","","","","","","13.5","15.9","12.3","12.4","12.4","12.3","14.1","14.3","15","15","","",
"Indonesia","IDN","Poverty headcount ratio at national poverty lines (% of population)","SI.POV.NAHC","","","","","","","","","","","","","","","","","","","","","","","","","","","","","","","","","","","","","17.5","","","23.4","","","18.2","17.4","16.7","16","17.8","16.6","15.4","14.2","13.3","12.5","12","11.4","11.3","",
"Isle of Man","IMN","Poverty headcount ratio at national poverty lines (% of population)","SI.POV.NAHC","","","","","","","","","","","","","","","","","","","","","","","","","","","","","","","","","","","","","","","","","","","","","","","","","","","","","","","","",
"India","IND","Poverty headcount ratio at national poverty lines (% of population)","SI.POV.NAHC","","","","","","","","","","","","","","","","","","","","","","","","","","","","","","","","","","45.3","","","","","","","","","","","37.2","","","","","29.8","","21.9","","","","",
"Not classified","INX","Poverty headcount ratio at national poverty lines (% of population)","SI.POV.NAHC","","","","","","","","","","","","","","","","","","","","","","","","","","","","","","","","","","","","","","","","","","","","","","","","","","","","","","","","",
"Ireland","IRL","Poverty headcount ratio at national poverty lines (% of population)","SI.POV.NAHC","","","","","","","","","","","","","","","","","","","","","","","","","","","","","","","","","","","","","","","","","","","","","","","","","","","","","","","","",
"Iran, Islamic Rep.","IRN","Poverty headcount ratio at national poverty lines (% of population)","SI.POV.NAHC","","","","","","","","","","","","","","","","","","","","","","","","","","","","","","","","","","","","","","","","","","","","","","","","","","","","","","","","",
"Iraq","IRQ","Poverty headcount ratio at national poverty lines (% of population)","SI.POV.NAHC","","","","","","","","","","","","","","","","","","","","","","","","","","","","","","","","","","","","","","","","","","","","","","","22.4","","","","","","18.9","","","",
"Iceland","ISL","Poverty headcount ratio at national poverty lines (% of population)","SI.POV.NAHC","","","","","","","","","","","","","","","","","","","","","","","","","","","","","","","","","","","","","","","","","","","","","","","","","","","","","","","","",
"Israel","ISR","Poverty headcount ratio at national poverty lines (% of population)","SI.POV.NAHC","","","","","","","","","","","","","","","","","","","","","","","","","","","","","","","","","","","","","","","","","","","","","","","","","","","","","","","","",
"Italy","ITA","Poverty headcount ratio at national poverty lines (% of population)","SI.POV.NAHC","","","","","","","","","","","","","","","","","","","","","","","","","","","","","","","","","","","","","","","","","","","","","","","","","","","","","","","","",
"Jamaica","JAM","Poverty headcount ratio at national poverty lines (% of population)","SI.POV.NAHC","","","","","","","","","","","","","","","","","","","","","","","","","","","","","","30.5","28.4","44.6","33.9","24.4","22.8","27.5","26.1","19.9","15.9","16.9","18.7","16.9","19.7","19.1","16.9","14.8","14.3","9.9","12.3","16.5","17.6","","19.9","","","",
"Jordan","JOR","Poverty headcount ratio at national poverty lines (% of population)","SI.POV.NAHC","","","","","","","","","","","","","","","","","","","","","","","","","","","","","","","","","","","","","","","","","","","","","","","","","","","14.4","","","","","",
"Japan","JPN","Poverty headcount ratio at national poverty lines (% of population)","SI.POV.NAHC","","","","","","","","","","","","","","","","","","","","","","","","","","","","","","","","","","","","","","","","","","","","","","","","","","","","","","","","",
"Kazakhstan","KAZ","Poverty headcount ratio at national poverty lines (% of population)","SI.POV.NAHC","","","","","","","","","","","","","","","","","","","","","","","","","","","","","","","","","","","","","","","","","","46.7","44.5","37.5","33.9","31.6","18.2","12.7","12.1","8.2","6.5","5.5","3.8","2.9","2.8","",
"Kenya","KEN","Poverty headcount ratio at national poverty lines (% of population)","SI.POV.NAHC","","","","","","","","","","","","","","","","","","","","","","","","","","","","","","","","","","","","","","","","","","","","","","45.9","","","","","","","","","","",
"Kyrgyz Republic","KGZ","Poverty headcount ratio at national poverty lines (% of population)","SI.POV.NAHC","","","","","","","","","","","","","","","","","","","","","","","","","","","","","","","","","","","","","","","","","","","","","","","39.9","35","31.7","31.7","33.7","36.8","38","37","30.6","",
"Cambodia","KHM","Poverty headcount ratio at national poverty lines (% of population)","SI.POV.NAHC","","","","","","","","","","","","","","","","","","","","","","","","","","","","","","","","","","","","","","","","","","","","50.2","","","45","","34","23.9","22.1","20.5","17.7","","","",
"Kiribati","KIR","Poverty headcount ratio at national poverty lines (% of population)","SI.POV.NAHC","","","","","","","","","","","","","","","","","","","","","","","","","","","","","","","","","","","","","","","","","","","","","","","21.8","","","","","","","","","",
"St. Kitts and Nevis","KNA","Poverty headcount ratio at national poverty lines (% of population)","SI.POV.NAHC","","","","","","","","","","","","","","","","","","","","","","","","","","","","","","","","","","","","","","","","","","","","","","","","","","","","","","","","",
"Korea, Rep.","KOR","Poverty headcount ratio at national poverty lines (% of population)","SI.POV.NAHC","","","","","","","","","","","","","","","","","","","","","","","","","","","","","","","","","","","","","","","","","","","","","","","","","","","","","","","","",
"Kosovo","KSV","Poverty headcount ratio at national poverty lines (% of population)","SI.POV.NAHC","","","","","","","","","","","","","","","","","","","","","","","","","","","","","","","","","","","","","","","","","","","","37.7","43.7","34.8","45.1","","","34.5","29.2","29.7","","","","",
"Kuwait","KWT","Poverty headcount ratio at national poverty lines (% of population)","SI.POV.NAHC","","","","","","","","","","","","","","","","","","","","","","","","","","","","","","","","","","","","","","","","","","","","","","","","","","","","","","","","",
"Latin America & Caribbean (developing only)","LAC","Poverty headcount ratio at national poverty lines (% of population)","SI.POV.NAHC","","","","","","","","","","","","","","","","","","","","","","","","","","","","","","","","","","","","","","","","","","","","","","","","","","","","","","","","",
"Lao PDR","LAO","Poverty headcount ratio at national poverty lines (% of population)","SI.POV.NAHC","","","","","","","","","","","","","","","","","","","","","","","","","","","","","","","","","","","","","","39.1","","","","","33.5","","","","","27.6","","","","","23.2","","","",
"Lebanon","LBN","Poverty headcount ratio at national poverty lines (% of population)","SI.POV.NAHC","","","","","","","","","","","","","","","","","","","","","","","","","","","","","","","","","","","","","","","","","","","","","28.6","","","","","","","","","","","",
"Liberia","LBR","Poverty headcount ratio at national poverty lines (% of population)","SI.POV.NAHC","","","","","","","","","","","","","","","","","","","","","","","","","","","","","","","","","","","","","","","","","","","","","","","","63.8","","","","","","","","",
"Libya","LBY","Poverty headcount ratio at national poverty lines (% of population)","SI.POV.NAHC","","","","","","","","","","","","","","","","","","","","","","","","","","","","","","","","","","","","","","","","","","","","","","","","","","","","","","","","",
"St. Lucia","LCA","Poverty headcount ratio at national poverty lines (% of population)","SI.POV.NAHC","","","","","","","","","","","","","","","","","","","","","","","","","","","","","","","","","","","","","","","","","","","","","","","","","","","","","","","","",
"Latin America & Caribbean (all income levels)","LCN","Poverty headcount ratio at national poverty lines (% of population)","SI.POV.NAHC","","","","","","","","","","","","","","","","","","","","","","","","","","","","","","","","","","","","","","","","","","","","","","","","","","","","","","","","",
"Least developed countries: UN classification","LDC","Poverty headcount ratio at national poverty lines (% of population)","SI.POV.NAHC","","","","","","","","","","","","","","","","","","","","","","","","","","","","","","","","","","","","","","","","","","","","","","","","","","","","","","","","",
"Low income","LIC","Poverty headcount ratio at national poverty lines (% of population)","SI.POV.NAHC","","","","","","","","","","","","","","","","","","","","","","","","","","","","","","","","","","","","","","","","","","","","","","","","","","","","","","","","",
"Liechtenstein","LIE","Poverty headcount ratio at national poverty lines (% of population)","SI.POV.NAHC","","","","","","","","","","","","","","","","","","","","","","","","","","","","","","","","","","","","","","","","","","","","","","","","","","","","","","","","",
"Sri Lanka","LKA","Poverty headcount ratio at national poverty lines (% of population)","SI.POV.NAHC","","","","","","","","","","","","","","","","","","","","","","","","","","","","","","","","","","","","","","","","","","","22.7","","","","15.2","","","8.9","","","6.7","","","",
"Lower middle income","LMC","Poverty headcount ratio at national poverty lines (% of population)","SI.POV.NAHC","","","","","","","","","","","","","","","","","","","","","","","","","","","","","","","","","","","","","","","","","","","","","","","","","","","","","","","","",
"Low & middle income","LMY","Poverty headcount ratio at national poverty lines (% of population)","SI.POV.NAHC","","","","","","","","","","","","","","","","","","","","","","","","","","","","","","","","","","","","","","","","","","","","","","","","","","","","","","","","",
"Lesotho","LSO","Poverty headcount ratio at national poverty lines (% of population)","SI.POV.NAHC","","","","","","","","","","","","","","","","","","","","","","","","","","","","","","","","","","","66.6","","","","","","","","56.6","","","","","","","","57.1","","","","","",
"Lithuania","LTU","Poverty headcount ratio at national poverty lines (% of population)","SI.POV.NAHC","","","","","","","","","","","","","","","","","","","","","","","","","","","","","","","","","","","","","","","","","","","","","20.5","20","19.1","20.9","20.3","20.5","19.2","18.6","20.6","19.1","","",
"Luxembourg","LUX","Poverty headcount ratio at national poverty lines (% of population)","SI.POV.NAHC","","","","","","","","","","","","","","","","","","","","","","","","","","","","","","","","","","","","","","","","","","","","","","","","","","","","","","","","",
"Latvia","LVA","Poverty headcount ratio at national poverty lines (% of population)","SI.POV.NAHC","","","","","","","","","","","","","","","","","","","","","","","","","","","","","","","","","","","","","","","","","","","","","19.4","23.5","21.2","25.9","26.4","20.9","19","19.2","19.4","21.2","22.5","",
"Macao SAR, China","MAC","Poverty headcount ratio at national poverty lines (% of population)","SI.POV.NAHC","","","","","","","","","","","","","","","","","","","","","","","","","","","","","","","","","","","","","","","","","","","","","","","","","","","","","","","","",
"St. Martin (French part)","MAF","Poverty headcount ratio at national poverty lines (% of population)","SI.POV.NAHC","","","","","","","","","","","","","","","","","","","","","","","","","","","","","","","","","","","","","","","","","","","","","","","","","","","","","","","","",
"Morocco","MAR","Poverty headcount ratio at national poverty lines (% of population)","SI.POV.NAHC","","","","","","","","","","","","","","","","","","","","","","","","","","","","","","","","","","","","","","","16.3","","15.3","","","","","","","8.9","","","","","","","","",
"Monaco","MCO","Poverty headcount ratio at national poverty lines (% of population)","SI.POV.NAHC","","","","","","","","","","","","","","","","","","","","","","","","","","","","","","","","","","","","","","","","","","","","","","","","","","","","","","","","",
"Moldova","MDA","Poverty headcount ratio at national poverty lines (% of population)","SI.POV.NAHC","","","","","","","","","","","","","","","","","","","","","","","","","","","","","","","","","","","","","","","","","","","","29","26.5","29","30.2","25.8","26.4","26.3","21.9","17.5","16.6","12.7","11.4","",
"Madagascar","MDG","Poverty headcount ratio at national poverty lines (% of population)","SI.POV.NAHC","","","","","","","","","","","","","","","","","","","","","","","","","","","","","","","","","","","","","","","","","","70.8","","","","75","","","","","75.3","","","","","",
"Maldives","MDV","Poverty headcount ratio at national poverty lines (% of population)","SI.POV.NAHC","","","","","","","","","","","","","","","","","","","","","","","","","","","","","","","","","","","","","","","","","","","23","","","","","","","15.7","","","","","","",
"Middle East & North Africa (all income levels)","MEA","Poverty headcount ratio at national poverty lines (% of population)","SI.POV.NAHC","","","","","","","","","","","","","","","","","","","","","","","","","","","","","","","","","","","","","","","","","","","","","","","","","","","","","","","","",
"Mexico","MEX","Poverty headcount ratio at national poverty lines (% of population)","SI.POV.NAHC","","","","","","","","","","","","","","","","","","","","","","","","","","","","","","","","","","","","","","","","","","","","","","","","","49","","52","","51.6","","53.2","",
"Marshall Islands","MHL","Poverty headcount ratio at national poverty lines (% of population)","SI.POV.NAHC","","","","","","","","","","","","","","","","","","","","","","","","","","","","","","","","","","","","","","","","","","","","","","","","","","","","","","","","",
"Middle income","MIC","Poverty headcount ratio at national poverty lines (% of population)","SI.POV.NAHC","","","","","","","","","","","","","","","","","","","","","","","","","","","","","","","","","","","","","","","","","","","","","","","","","","","","","","","","",
"Macedonia, FYR","MKD","Poverty headcount ratio at national poverty lines (% of population)","SI.POV.NAHC","","","","","","","","","","","","","","","","","","","","","","","","","","","","","","","","","","","","","","","","","","","","","","","","","","","","26.8","26.2","24.2","22.1","",
"Mali","MLI","Poverty headcount ratio at national poverty lines (% of population)","SI.POV.NAHC","","","","","","","","","","","","","","","","","","","","","","","","","","","","","","","","","","","","","","","","","","55.6","","","","","47.5","","","43.6","","","","","","",
"Malta","MLT","Poverty headcount ratio at national poverty lines (% of population)","SI.POV.NAHC","","","","","","","","","","","","","","","","","","","","","","","","","","","","","","","","","","","","","","","","","","","","","","","","","","","","","","","","",
"Myanmar","MMR","Poverty headcount ratio at national poverty lines (% of population)","SI.POV.NAHC","","","","","","","","","","","","","","","","","","","","","","","","","","","","","","","","","","","","","","","","","","","","","","","","","","","","","","","","",
"Middle East & North Africa (developing only)","MNA","Poverty headcount ratio at national poverty lines (% of population)","SI.POV.NAHC","","","","","","","","","","","","","","","","","","","","","","","","","","","","","","","","","","","","","","","","","","","","","","","","","","","","","","","","",
"Montenegro","MNE","Poverty headcount ratio at national poverty lines (% of population)","SI.POV.NAHC","","","","","","","","","","","","","","","","","","","","","","","","","","","","","","","","","","","","","","","","","","","","","","11.2","11.3","8","4.9","6.8","6.6","9.3","11.3","8.6","","",
"Mongolia","MNG","Poverty headcount ratio at national poverty lines (% of population)","SI.POV.NAHC","","","","","","","","","","","","","","","","","","","","","","","","","","","","","","","","","","","","","","","","","","","","","","","","","","","38.8","33.7","27.4","","21.6","",
"Northern Mariana Islands","MNP","Poverty headcount ratio at national poverty lines (% of population)","SI.POV.NAHC","","","","","","","","","","","","","","","","","","","","","","","","","","","","","","","","","","","","","","","","","","","","","","","","","","","","","","","","",
"Mozambique","MOZ","Poverty headcount ratio at national poverty lines (% of population)","SI.POV.NAHC","","","","","","","","","","","","","","","","","","","","","","","","","","","","","","","","","","","","","69.4","","","","","","54.1","","","","","","54.7","","","","","","","",
"Mauritania","MRT","Poverty headcount ratio at national poverty lines (% of population)","SI.POV.NAHC","","","","","","","","","","","","","","","","","","","","","","","","","","","","","","","","","","","","","","","","","51","","","","46.7","","","","42","","","","","","","",
"Mauritius","MUS","Poverty headcount ratio at national poverty lines (% of population)","SI.POV.NAHC","","","","","","","","","","","","","","","","","","","","","","","","","","","","","","","","","","","","","","","","","","","","","","","","","","","","","","","","",
"Malawi","MWI","Poverty headcount ratio at national poverty lines (% of population)","SI.POV.NAHC","","","","","","","","","","","","","","","","","","","","","","","","","","","","","","","","","","","","","","65.3","","","","","","","52.4","","","","","","50.7","","","","","",
"Malaysia","MYS","Poverty headcount ratio at national poverty lines (% of population)","SI.POV.NAHC","","","","","","","","","","","","","","","","","","","","","","","","","","","","","","","","","","","","","","","","","","","6","","5.7","","","3.6","","3.8","","","1.7","","0.6","",
"North America","NAC","Poverty headcount ratio at national poverty lines (% of population)","SI.POV.NAHC","","","","","","","","","","","","","","","","","","","","","","","","","","","","","","","","","","","","","","","","","","","","","","","","","","","","","","","","",
"Namibia","NAM","Poverty headcount ratio at national poverty lines (% of population)","SI.POV.NAHC","","","","","","","","","","","","","","","","","","","","","","","","","","","","","","","","","","69.3","","","","","","","","","","37.7","","","","","","28.7","","","","","","",
"New Caledonia","NCL","Poverty headcount ratio at national poverty lines (% of population)","SI.POV.NAHC","","","","","","","","","","","","","","","","","","","","","","","","","","","","","","","","","","","","","","","","","","","","","","","","","","","","","","","","",
"Niger","NER","Poverty headcount ratio at national poverty lines (% of population)","SI.POV.NAHC","","","","","","","","","","","","","","","","","","","","","","","","","","","","","","","","","","","","","","","","","","","","","","","","","","","","48.9","","","","",
"Nigeria","NGA","Poverty headcount ratio at national poverty lines (% of population)","SI.POV.NAHC","","","","","","","","","","","","","","","","","","","","","","","","","","","","","","","","","","","","","","","","","","","","48.4","","","","","","46","","","","","","",
"Nicaragua","NIC","Poverty headcount ratio at national poverty lines (% of population)","SI.POV.NAHC","","","","","","","","","","","","","","","","","","","","","","","","","","","","","","","","","","","","","","","","","","","","","","48.3","","","","42.5","","","","","29.6","",
"Netherlands","NLD","Poverty headcount ratio at national poverty lines (% of population)","SI.POV.NAHC","","","","","","","","","","","","","","","","","","","","","","","","","","","","","","","","","","","","","","","","","","","","","","","","","","","","","","","","",
"High income: nonOECD","NOC","Poverty headcount ratio at national poverty lines (% of population)","SI.POV.NAHC","","","","","","","","","","","","","","","","","","","","","","","","","","","","","","","","","","","","","","","","","","","","","","","","","","","","","","","","",
"Norway","NOR","Poverty headcount ratio at national poverty lines (% of population)","SI.POV.NAHC","","","","","","","","","","","","","","","","","","","","","","","","","","","","","","","","","","","","","","","","","","","","","","","","","","","","","","","","",
"Nepal","NPL","Poverty headcount ratio at national poverty lines (% of population)","SI.POV.NAHC","","","","","","","","","","","","","","","","","","","","","","","","","","","","","","","","","","","","","","","","","","","","","","","","","","","25.2","","","","","",
"New Zealand","NZL","Poverty headcount ratio at national poverty lines (% of population)","SI.POV.NAHC","","","","","","","","","","","","","","","","","","","","","","","","","","","","","","","","","","","","","","","","","","","","","","","","","","","","","","","","",
"High income: OECD","OEC","Poverty headcount ratio at national poverty lines (% of population)","SI.POV.NAHC","","","","","","","","","","","","","","","","","","","","","","","","","","","","","","","","","","","","","","","","","","","","","","","","","","","","","","","","",
"OECD members","OED","Poverty headcount ratio at national poverty lines (% of population)","SI.POV.NAHC","","","","","","","","","","","","","","","","","","","","","","","","","","","","","","","","","","","","","","","","","","","","","","","","","","","","","","","","",
"Oman","OMN","Poverty headcount ratio at national poverty lines (% of population)","SI.POV.NAHC","","","","","","","","","","","","","","","","","","","","","","","","","","","","","","","","","","","","","","","","","","","","","","","","","","","","","","","","",
"Other small states","OSS","Poverty headcount ratio at national poverty lines (% of population)","SI.POV.NAHC","","","","","","","","","","","","","","","","","","","","","","","","","","","","","","","","","","","","","","","","","","","","","","","","","","","","","","","","",
"Pakistan","PAK","Poverty headcount ratio at national poverty lines (% of population)","SI.POV.NAHC","","","","","","","","","","","","","","","","","","","","","","","","","","","","","","","","","","","","","","","30.6","","","34.5","","","23.9","22.3","","","","","","","","","","",
"Panama","PAN","Poverty headcount ratio at national poverty lines (% of population)","SI.POV.NAHC","","","","","","","","","","","","","","","","","","","","","","","","","","","","","","","","","","","","","","","","","","","","","","","","","","","","","","","","23",
"Peru","PER","Poverty headcount ratio at national poverty lines (% of population)","SI.POV.NAHC","","","","","","","","","","","","","","","","","","","","","","","","","","","","","","","","","","","","","","","","","","54.8","54.3","52.3","58.7","55.6","49.2","42.4","37.3","33.5","30.8","27.8","25.8","23.9","22.7","",
"Philippines","PHL","Poverty headcount ratio at national poverty lines (% of population)","SI.POV.NAHC","","","","","","","","","","","","","","","","","","","","","","","","","","","","","","","","","","","","","","","","","","","","24.9","","","26.56142","","","26.27106","","","25.23319","","","",
"Palau","PLW","Poverty headcount ratio at national poverty lines (% of population)","SI.POV.NAHC","","","","","","","","","","","","","","","","","","","","","","","","","","","","","","","","","","","","","","","","","","","","","","","24.9","","","","","","","","","",
"Papua New Guinea","PNG","Poverty headcount ratio at national poverty lines (% of population)","SI.POV.NAHC","","","","","","","","","","","","","","","","","","","","","","","","","","","","","","","","","","","","","","","","","","","","","","","","","","39.9","","","","","","",
"Poland","POL","Poverty headcount ratio at national poverty lines (% of population)","SI.POV.NAHC","","","","","","","","","","","","","","","","","","","","","","","","","","","","","","","","","","","","","","","","","14.8","15.6","16.6","","20.5","19.1","17.3","16.9","17.1","17.6","17.7","17.1","17.3","17","","",
"Puerto Rico","PRI","Poverty headcount ratio at national poverty lines (% of population)","SI.POV.NAHC","","","","","","","","","","","","","","","","","","","","","","","","","","","","","","","","","","","","","","","","","","","","","","","","","","","","","","","","",
"Korea, Dem. People’s Rep.","PRK","Poverty headcount ratio at national poverty lines (% of population)","SI.POV.NAHC","","","","","","","","","","","","","","","","","","","","","","","","","","","","","","","","","","","","","","","","","","","","","","","","","","","","","","","","",
"Portugal","PRT","Poverty headcount ratio at national poverty lines (% of population)","SI.POV.NAHC","","","","","","","","","","","","","","","","","","","","","","","","","","","","","","","","","","","","","","","","","","","","","","","","","","","","","","","","",
"Paraguay","PRY","Poverty headcount ratio at national poverty lines (% of population)","SI.POV.NAHC","","","","","","","","","","","","","","","","","","","","","","","","","","","","","","","","","","","","","","","","","","","","44","41.3","38.6","43.7","41.2","37.9","35.1","34.7","32.4","26.9","23.8","22.6","",
"Pacific island small states","PSS","Poverty headcount ratio at national poverty lines (% of population)","SI.POV.NAHC","","","","","","","","","","","","","","","","","","","","","","","","","","","","","","","","","","","","","","","","","","","","","","","","","","","","","","","","",
"French Polynesia","PYF","Poverty headcount ratio at national poverty lines (% of population)","SI.POV.NAHC","","","","","","","","","","","","","","","","","","","","","","","","","","","","","","","","","","","","","","","","","","","","","","","","","","","","","","","","",
"Qatar","QAT","Poverty headcount ratio at national poverty lines (% of population)","SI.POV.NAHC","","","","","","","","","","","","","","","","","","","","","","","","","","","","","","","","","","","","","","","","","","","","","","","","","","","","","","","","",
"Romania","ROU","Poverty headcount ratio at national poverty lines (% of population)","SI.POV.NAHC","","","","","","","","","","","","","","","","","","","","","","","","","","","","","","","","","","","","","","","","","","","","","","","24.8","23.4","22.4","21.1","22.2","22.6","22.4","25.4","","",
"Russian Federation","RUS","Poverty headcount ratio at national poverty lines (% of population)","SI.POV.NAHC","","","","","","","","","","","","","","","","","","","","","","","","","","","","","","","","","","","","","","","","","","","24.6","20.3","17.6","17.8","15.2","13.3","13.4","13","12.5","12.7","10.7","10.8","11.2","13.4",
"Rwanda","RWA","Poverty headcount ratio at national poverty lines (% of population)","SI.POV.NAHC","","","","","","","","","","","","","","","","","","","","","","","","","","","","","","","","","","","","","","","","","","","","","","56.7","","","","","44.9","","","","","",
"South Asia","SAS","Poverty headcount ratio at national poverty lines (% of population)","SI.POV.NAHC","","","","","","","","","","","","","","","","","","","","","","","","","","","","","","","","","","","","","","","","","","","","","","","","","","","","","","","","",
"Saudi Arabia","SAU","Poverty headcount ratio at national poverty lines (% of population)","SI.POV.NAHC","","","","","","","","","","","","","","","","","","","","","","","","","","","","","","","","","","","","","","","","","","","","","","","","","","","","","","","","",
"Sudan","SDN","Poverty headcount ratio at national poverty lines (% of population)","SI.POV.NAHC","","","","","","","","","","","","","","","","","","","","","","","","","","","","","","","","","","","","","","","","","","","","","","","","","","46.5","","","","","","",
"Senegal","SEN","Poverty headcount ratio at national poverty lines (% of population)","SI.POV.NAHC","","","","","","","","","","","","","","","","","","","","","","","","","","","","","","","","","","","","","","","","","55.2","","","","","48.3","","","","","46.7","","","","","",
"Singapore","SGP","Poverty headcount ratio at national poverty lines (% of population)","SI.POV.NAHC","","","","","","","","","","","","","","","","","","","","","","","","","","","","","","","","","","","","","","","","","","","","","","","","","","","","","","","","",
"Solomon Islands","SLB","Poverty headcount ratio at national poverty lines (% of population)","SI.POV.NAHC","","","","","","","","","","","","","","","","","","","","","","","","","","","","","","","","","","","","","","","","","","","","","","22.7","","","","","","","","","","",
"Sierra Leone","SLE","Poverty headcount ratio at national poverty lines (% of population)","SI.POV.NAHC","","","","","","","","","","","","","","","","","","","","","","","","","","","","","","","","","","","","","","","","","","","","66.4","","","","","","","","52.9","","","","",
"El Salvador","SLV","Poverty headcount ratio at national poverty lines (% of population)","SI.POV.NAHC","","","","","","","","","","","","","","","","","","","","","","","","","","","","","","","","","","","","","","","","","","","","","","35.2","30.7","34.6","40","37.8","36.5","40.6","34.5","29.6","31.8","",
"San Marino","SMR","Poverty headcount ratio at national poverty lines (% of population)","SI.POV.NAHC","","","","","","","","","","","","","","","","","","","","","","","","","","","","","","","","","","","","","","","","","","","","","","","","","","","","","","","","",
"Somalia","SOM","Poverty headcount ratio at national poverty lines (% of population)","SI.POV.NAHC","","","","","","","","","","","","","","","","","","","","","","","","","","","","","","","","","","","","","","","","","","","","","","","","","","","","","","","","",
"Serbia","SRB","Poverty headcount ratio at national poverty lines (% of population)","SI.POV.NAHC","","","","","","","","","","","","","","","","","","","","","","","","","","","","","","","","","","","","","","","","","","","","","","","","","","","","","24.5","25.4","25.4","",
"Sub-Saharan Africa (developing only)","SSA","Poverty headcount ratio at national poverty lines (% of population)","SI.POV.NAHC","","","","","","","","","","","","","","","","","","","","","","","","","","","","","","","","","","","","","","","","","","","","","","","","","","","","","","","","",
"South Sudan","SSD","Poverty headcount ratio at national poverty lines (% of population)","SI.POV.NAHC","","","","","","","","","","","","","","","","","","","","","","","","","","","","","","","","","","","","","","","","","","","","","","","","","","50.6","","","","","","",
"Sub-Saharan Africa (all income levels)","SSF","Poverty headcount ratio at national poverty lines (% of population)","SI.POV.NAHC","","","","","","","","","","","","","","","","","","","","","","","","","","","","","","","","","","","","","","","","","","","","","","","","","","","","","","","","",
"Small states","SST","Poverty headcount ratio at national poverty lines (% of population)","SI.POV.NAHC","","","","","","","","","","","","","","","","","","","","","","","","","","","","","","","","","","","","","","","","","","","","","","","","","","","","","","","","",
"Sao Tome and Principe","STP","Poverty headcount ratio at national poverty lines (% of population)","SI.POV.NAHC","","","","","","","","","","","","","","","","","","","","","","","","","","","","","","","","","","","","","","","","","","","","","","","","","","61.7","","","","","","",
"Suriname","SUR","Poverty headcount ratio at national poverty lines (% of population)","SI.POV.NAHC","","","","","","","","","","","","","","","","","","","","","","","","","","","","","","","","","","","","","","","","","","","","","","","","","","","","","","","","",
"Slovak Republic","SVK","Poverty headcount ratio at national poverty lines (% of population)","SI.POV.NAHC","","","","","","","","","","","","","","","","","","","","","","","","","","","","","","","","","","","","","","","","","","","","","13.3","11.6","10.6","10.9","11","12","13","13.2","12.8","12.6","","",
"Slovenia","SVN","Poverty headcount ratio at national poverty lines (% of population)","SI.POV.NAHC","","","","","","","","","","","","","","","","","","","","","","","","","","","","","","","","","","","","","","","","","","","","","12.2","11.6","11.5","12.3","11.3","12.7","13.6","13.5","14.5","14.5","","",
"Sweden","SWE","Poverty headcount ratio at national poverty lines (% of population)","SI.POV.NAHC","","","","","","","","","","","","","","","","","","","","","","","","","","","","","","","","","","","","","","","","","","","","","","","","","","","","","","","","",
"Swaziland","SWZ","Poverty headcount ratio at national poverty lines (% of population)","SI.POV.NAHC","","","","","","","","","","","","","","","","","","","","","","","","","","","","","","","","","","","","","","","","","69","","","","","","","","","63","","","","","","",
"Sint Maarten (Dutch part)","SXM","Poverty headcount ratio at national poverty lines (% of population)","SI.POV.NAHC","","","","","","","","","","","","","","","","","","","","","","","","","","","","","","","","","","","","","","","","","","","","","","","","","","","","","","","","",
"Seychelles","SYC","Poverty headcount ratio at national poverty lines (% of population)","SI.POV.NAHC","","","","","","","","","","","","","","","","","","","","","","","","","","","","","","","","","","","","","","","","","","","","","","","37.8","","","","","","","","","",
"Syrian Arab Republic","SYR","Poverty headcount ratio at national poverty lines (% of population)","SI.POV.NAHC","","","","","","","","","","","","","","","","","","","","","","","","","","","","","","","","","","","","","","","","","","","","","30.1","","","35.2","","","","","","","","",
"Turks and Caicos Islands","TCA","Poverty headcount ratio at national poverty lines (% of population)","SI.POV.NAHC","","","","","","","","","","","","","","","","","","","","","","","","","","","","","","","","","","","","","","","","","","","","","","","","","","","","","","","","",
"Chad","TCD","Poverty headcount ratio at national poverty lines (% of population)","SI.POV.NAHC","","","","","","","","","","","","","","","","","","","","","","","","","","","","","","","","","","","","","","","","","","","54.8","","","","","","","","","46.7","","","","",
"Togo","TGO","Poverty headcount ratio at national poverty lines (% of population)","SI.POV.NAHC","","","","","","","","","","","","","","","","","","","","","","","","","","","","","","","","","","","","","","","","","","","","","","","61.7","","","","","58.7","","","","",
"Thailand","THA","Poverty headcount ratio at national poverty lines (% of population)","SI.POV.NAHC","","","","","","","","","","","","","","","","","","","","","","","","","","","","","","","","","","","","","","","","","42.3","","32.4","","26.8","","21.9","20","20.4","17.9","16.4","13.2","12.6","10.9","10.5","",
"Tajikistan","TJK","Poverty headcount ratio at national poverty lines (% of population)","SI.POV.NAHC","","","","","","","","","","","","","","","","","","","","","","","","","","","","","","","","","","","","","","","","","","","","","","","","","","","","","","34.25","31.96","",
"Turkmenistan","TKM","Poverty headcount ratio at national poverty lines (% of population)","SI.POV.NAHC","","","","","","","","","","","","","","","","","","","","","","","","","","","","","","","","","","","","","","","","","","","","","","","","","","","","","","","","",
"Timor-Leste","TLS","Poverty headcount ratio at national poverty lines (% of population)","SI.POV.NAHC","","","","","","","","","","","","","","","","","","","","","","","","","","","","","","","","","","","","","","","","","","36.3","","","","","","49.9","","","","","","","","",
"Tonga","TON","Poverty headcount ratio at national poverty lines (% of population)","SI.POV.NAHC","","","","","","","","","","","","","","","","","","","","","","","","","","","","","","","","","","","","","","","","","","16.2","","","","","","","","22.5","","","","","","",
"Trinidad and Tobago","TTO","Poverty headcount ratio at national poverty lines (% of population)","SI.POV.NAHC","","","","","","","","","","","","","","","","","","","","","","","","","","","","","","","","","","","","","","","","","","","","","","","","","","","","","","","","",
"Tunisia","TUN","Poverty headcount ratio at national poverty lines (% of population)","SI.POV.NAHC","","","","","","","","","","","","","","","","","","","","","","","","","","","","","","","","","","","","","","","","","32.4","","","","","23.3","","","","","15.5","","","","","",
"Turkey","TUR","Poverty headcount ratio at national poverty lines (% of population)","SI.POV.NAHC","","","","","","","","","","","","","","","","","","","","","","","","","","","","","","","","","","","","","","","","","","","30.3","23.8","20.9","16.4","13.3","8.4","6.8","4.4","3.7","2.8","2.3","2.1","1.6","",
"Tuvalu","TUV","Poverty headcount ratio at national poverty lines (% of population)","SI.POV.NAHC","","","","","","","","","","","","","","","","","","","","","","","","","","","","","","","","","","","","","","","","","","","","","","","","","","","26.3","","","","","",
"Tanzania","TZA","Poverty headcount ratio at national poverty lines (% of population)","SI.POV.NAHC","","","","","","","","","","","","","","","","","","","","","","","","","","","","","","","","","","","","","","","","","","","","","","","","","","","","28.2","","","","",
"Uganda","UGA","Poverty headcount ratio at national poverty lines (% of population)","SI.POV.NAHC","","","","","","","","","","","","","","","","","","","","","","","","","","","","","","","","","56.4","","","","44.4","","","33.8","","","38.8","","","31.1","","","","24.5","","","19.5","","","",
"Ukraine","UKR","Poverty headcount ratio at national poverty lines (% of population)","SI.POV.NAHC","","","","","","","","","","","","","","","","","","","","","","","","","","","","","","","","","","","","","","","","","","","","","","","","12.7","7.1","5.8","8.6","7.8","9","8.3","8.6","",
"Upper middle income","UMC","Poverty headcount ratio at national poverty lines (% of population)","SI.POV.NAHC","","","","","","","","","","","","","","","","","","","","","","","","","","","","","","","","","","","","","","","","","","","","","","","","","","","","","","","","",
"Uruguay","URY","Poverty headcount ratio at national poverty lines (% of population)","SI.POV.NAHC","","","","","","","","","","","","","","","","","","","","","","","","","","","","","","","","","","","","","","","","","","","","","","","32.5","29.6","24.2","21","18.5","13.7","12.4","11.5","9.7","",
"United States","USA","Poverty headcount ratio at national poverty lines (% of population)","SI.POV.NAHC","","","","","","","","","","","","","","","","","","","","","","","","","","","","","","","","","","","","","","","","","","","","","","","","","","","","","","","","",
"Uzbekistan","UZB","Poverty headcount ratio at national poverty lines (% of population)","SI.POV.NAHC","","","","","","","","","","","","","","","","","","","","","","","","","","","","","","","","","","","","","","","","","","","","","","","","","","","17.7","16","","","","",
"St. Vincent and the Grenadines","VCT","Poverty headcount ratio at national poverty lines (% of population)","SI.POV.NAHC","","","","","","","","","","","","","","","","","","","","","","","","","","","","","","","","","","","","","","","","","","","","","","","","","","","","","","","","",
"Venezuela, RB","VEN","Poverty headcount ratio at national poverty lines (% of population)","SI.POV.NAHC","","","","","","","","","","","","","","","","","","","","","","","","","","","","","","","","","","","","","","54.5","50.4","48.7","46.3","45.4","55.4","62.1","53.9","43.7","36.3","33.6","32.6","31.8","32.5","31.6","25.4","32.1","","",
"Virgin Islands (U.S.)","VIR","Poverty headcount ratio at national poverty lines (% of population)","SI.POV.NAHC","","","","","","","","","","","","","","","","","","","","","","","","","","","","","","","","","","","","","","","","","","","","","","","","","","","","","","","","",
"Vietnam","VNM","Poverty headcount ratio at national poverty lines (% of population)","SI.POV.NAHC","","","","","","","","","","","","","","","","","","","","","","","","","","","","","","","","","","","","","","","","","","","","","","","","","","","20.7","","17.2","","13.5","",
"Vanuatu","VUT","Poverty headcount ratio at national poverty lines (% of population)","SI.POV.NAHC","","","","","","","","","","","","","","","","","","","","","","","","","","","","","","","","","","","","","","","","","","","","","","","","","","","12.7","","","","","",
"West Bank and Gaza","PSE","Poverty headcount ratio at national poverty lines (% of population)","SI.POV.NAHC","","","","","","","","","","","","","","","","","","","","","","","","","","","","","","","","","","","","","","","","","","","","35.5","25.6","29.5","30.8","31.2","","26.2","25.7","25.8","","","","",
"World","WLD","Poverty headcount ratio at national poverty lines (% of population)","SI.POV.NAHC","","","","","","","","","","","","","","","","","","","","","","","","","","","","","","","","","","","","","","","","","","","","","","","","","","","","","","","","",
"Samoa","WSM","Poverty headcount ratio at national poverty lines (% of population)","SI.POV.NAHC","","","","","","","","","","","","","","","","","","","","","","","","","","","","","","","","","","","","","","","","","","","","","","","","","26.9","","","","","","","",
"Yemen, Rep.","YEM","Poverty headcount ratio at national poverty lines (% of population)","SI.POV.NAHC","","","","","","","","","","","","","","","","","","","","","","","","","","","","","","","","","","","","","","","","","","","","","","34.8","","","","","","","","","","",
"South Africa","ZAF","Poverty headcount ratio at national poverty lines (% of population)","SI.POV.NAHC","","","","","","","","","","","","","","","","","","","","","","","","","","","","","","","","","","","","","","","","","","","","","","66.6","","","","","53.8","","","","","",
"Congo, Dem. Rep.","COD","Poverty headcount ratio at national poverty lines (% of population)","SI.POV.NAHC","","","","","","","","","","","","","","","","","","","","","","","","","","","","","","","","","","","","","","","","","","","","","","","","","","","","","63.6","","","",
"Zambia","ZMB","Poverty headcount ratio at national poverty lines (% of population)","SI.POV.NAHC","","","","","","","","","","","","","","","","","","","","","","","","","","","","","","","","","","","","","","","","","","","","","","","","","","","60.5","","","","","",
"Zimbabwe","ZWE","Poverty headcount ratio at national poverty lines (% of population)","SI.POV.NAHC","","","","","","","","","","","","","","","","","","","","","","","","","","","","","","","","","","","","","","","","","","","","","","","","","","","","72.3","","","","",
